{
  "AP25": 0.913041,
  "AP50": 0.866177,
  "AP75": 0.558586,
  "AP50-95": 0.524699,
  "recall": 0.581369,
  "coco_ar_iou25": 0.931746,
  "coco_precision_r50_iou25": 0.998547,
  "coco_fdr_r50_iou25": 0.001453,
  "coco_ar_iou50": 0.899267,
  "coco_precision_r50_iou50": 0.994405,
  "coco_fdr_r50_iou50": 0.005595,
  "coco_ar_iou75": 0.630301,
  "coco_precision_r50_iou75": 0.809863,
  "coco_fdr_r50_iou75": 0.190137,
  "precision_iou25": 0.790098,
  "recall_iou25": 0.882299,
  "fdr_iou25": 0.209902,
  "precision_iou50": 0.764092,
  "recall_iou50": 0.853258,
  "fdr_iou50": 0.235908,
  "precision_iou75": 0.55122,
  "recall_iou75": 0.615545,
  "fdr_iou75": 0.44878,
  "precision": 0.764092,
  "fdr": 0.235908
}
